Designator,Footprint,Quantity,Value,LCSC Part #
"C1, C3, C49",0805,3,10uF,
"C10, C11, C12, C13, C14, C15, C16",CP_Radial_D6.3mm_P2.50mm,7,270uF,
"C17, C19, C2, C20, C22, C23, C25, C26, C28, C29, C31, C32, C34, C35, C37, C38, C4, C40, C41, C43, C44, C46, C47, C48",0402,24,100nF,
"C18, C21, C24, C27, C30, C33, C36, C39, C42, C45",0805,10,22uF,
"C5, C6, C7, C8, C9",1206,5,100uF,
"CN1, CN2, CN3, CN4",C264992_CONN-TH_B03B-XASK-1-A-LF-SN,4,B03B-XASK-1-A(LF)(SN),C264992
CN5,C428721_CONN-TH_XT30UPB-M,1,XT30UPB-M,C428721
"FPC1, FPC2, FPC3",C2906114_FPC-SMD_10P-P0_50_HCTL_XW05202-100R-00,3,XW05202-100R-00,C2906114
LC1,LED_CUBE_SC,1,~,
"Q1, Q2",C547286_SOT-883-3_L1_0-W0_6-BR,2,PMZ600UNEYL,C547286
"Q10, Q11, Q12, Q3, Q4, Q5, Q6, Q7, Q8, Q9",C3280214_SOT-23-6_L2_9-W1_6-P0_95-LS2_9-BL,10,SIL2305B-TP,C3280214
"R1, R10, R11, R12, R13, R14, R19, R2, R20, R21, R22, R23, R24, R25, R26, R27, R28, R3, R30, R31, R32, R33, R34, R4, R5",0402,25,1R,
R15,0402,1,1K,
"R16, R17",0402,2,500R,
"R18, R29",0402,2,100K,
"R35, R36, R37, R38, R39, R40, R41, R42, R43, R44",0402,10,10R,
"R45, R46, R47",0402,3,10K,
"R6, R7",0402,2,0R,
"R8, R9",0402,2,1.5K,
"U1, U2",C411391_HTSSOP-24_L7_8-W4_4-P0_65-LS6_4-TL-EP,2,STP16CPC26XTR,C411391
"U10, U11, U12, U3, U4, U5, U6, U7, U8, U9",SOT-23-5,10,SN74LVC1G14DBV,
"U13, U14",C842271_SO-14_L8_7-W3_9-P1_27-LS6_0-BL,2,74AHC164S14-13,C842271
