Designator,Mid X,Mid Y,Rotation,Layer
C1,129.8,-109.3,270.0,top
C10,115.505156,-69.675121,270.0,top
C11,135.505156,-69.675121,270.0,top
C12,162.1,-72.567621,270.0,top
C13,175.505156,-69.675121,270.0,top
C14,102.18,-76.85,270.0,top
C15,186.23238,-76.67,180.0,top
C16,180.03,-142.767621,270.0,top
C17,180.3,-68.7375,0.0,top
C18,183.6,-62.875,270.0,top
C19,181.85,-62.625,270.0,top
C2,131.5,-109.3,270.0,top
C20,120.3,-68.7375,0.0,top
C21,123.6,-62.875,270.0,top
C22,121.85,-62.625,270.0,top
C23,170.3,-68.7375,0.0,top
C24,173.6,-62.875,270.0,top
C25,171.85,-62.625,270.0,top
C26,110.3,-68.7375,0.0,top
C27,113.6,-62.875,270.0,top
C28,111.85,-62.625,270.0,top
C29,140.3,-68.7375,0.0,top
C3,159.8,-88.4,90.0,top
C30,143.6,-62.875,270.0,top
C31,141.85,-62.625,270.0,top
C32,190.3,-68.7375,0.0,top
C33,193.6,-62.875,270.0,top
C34,191.85,-62.625,270.0,top
C35,131.85,-62.625,270.0,top
C36,133.6,-62.875,270.0,top
C37,130.3,-68.7375,0.0,top
C38,160.3,-68.7375,0.0,top
C39,163.6,-62.875,270.0,top
C4,158.15,-88.15,90.0,top
C40,161.85,-62.625,270.0,top
C41,100.3,-68.7375,0.0,top
C42,103.6,-62.875,270.0,top
C43,101.85,-62.625,270.0,top
C44,150.3,-68.7375,0.0,top
C45,153.6,-62.875,270.0,top
C46,151.85,-62.625,270.0,top
C47,134.65,-73.7,180.0,top
C48,151.9,-76.3,90.0,top
C49,148.9,-74.6,90.0,top
C5,104.55,-73.25,180.0,bottom
C6,117.76,-70.0275,270.0,bottom
C7,139.19,-70.39,270.0,bottom
C8,164.35,-72.45,270.0,bottom
C9,177.9,-70.13,270.0,bottom
CN1,155.25,-129.6,90.0,top
CN2,164.25,-129.6,90.0,top
CN3,182.25,-129.6,90.0,top
CN4,173.25,-129.6,90.0,top
CN5,155.6,-71.7,90.0,top
FPC1,125.6975,-92.15,270.0,top
FPC2,134.55,-98.3475,180.0,top
FPC3,131.3975,-76.1,270.0,top
H1,102.5,-146.5,0.0,top
H2,191.5,-146.5,0.0,top
H3,180.0,-84.5,0.0,top
H4,114.0,-84.5,0.0,top
LC1,147.0,-102.0,0.0,bottom
Q1,161.2,-95.25,0.0,top
Q10,160.6,-59.7375,270.0,top
Q11,100.6,-59.7375,270.0,top
Q12,150.6,-59.7375,270.0,top
Q2,122.75,-108.75,180.0,top
Q3,180.6,-59.7375,270.0,top
Q4,120.6,-59.7375,270.0,top
Q5,170.6,-59.7375,270.0,top
Q6,110.6,-59.7375,270.0,top
Q7,140.6,-59.7375,270.0,top
Q8,190.6,-59.7375,270.0,top
Q9,130.6,-59.7375,270.0,top
R1,187.0,-65.4025,270.0,top
R10,187.0,-85.4025,270.0,top
R11,167.0,-85.4025,270.0,top
R12,147.0,-85.4025,270.0,top
R13,127.0,-85.4025,270.0,top
R14,107.0,-85.4025,270.0,top
R15,130.94,-89.04,180.0,top
R16,163.3,-93.85,0.0,top
R17,120.9025,-106.1,180.0,top
R18,129.1,-88.4,90.0,top
R19,184.0975,-102.0,180.0,top
R2,167.0,-65.4025,270.0,top
R20,164.0975,-102.0,180.0,top
R21,144.0475,-102.0,180.0,top
R22,129.95,-102.0,0.0,top
R23,110.1,-102.0,0.0,top
R24,187.0,-118.5975,90.0,top
R25,167.0,-118.5975,90.0,top
R26,147.0,-118.5975,90.0,top
R27,127.0,-118.5975,90.0,top
R28,107.0,-118.5975,90.0,top
R29,128.0,-97.0975,90.0,top
R3,147.0,-65.4025,270.0,top
R30,187.0,-138.5975,90.0,top
R31,167.0,-138.5975,90.0,top
R32,147.0,-138.5975,90.0,top
R33,127.0,-138.5975,90.0,top
R34,107.0,-138.5975,90.0,top
R35,179.45,-62.8875,90.0,top
R36,119.45,-62.8875,90.0,top
R37,169.45,-62.8875,90.0,top
R38,109.45,-62.8875,90.0,top
R39,139.45,-62.8875,90.0,top
R4,127.0,-65.4025,270.0,top
R40,189.45,-62.8875,90.0,top
R41,129.45,-62.8875,90.0,top
R42,159.45,-62.8875,90.0,top
R43,99.45,-62.8875,90.0,top
R44,149.45,-62.8875,90.0,top
R45,133.5,-80.95,270.0,top
R46,150.5,-84.15,270.0,top
R47,160.2,-76.9,0.0,top
R5,107.0,-65.4025,270.0,top
R6,158.39,-93.17,270.0,top
R7,126.4025,-106.09,0.0,top
R8,160.25,-93.85,0.0,top
R9,123.7,-106.1,180.0,top
U1,137.52,-112.03,90.0,top
U10,160.6,-66.35,0.0,top
U11,100.6,-66.35,0.0,top
U12,150.6,-66.35,0.0,top
U13,139.0925,-78.05,0.0,top
U14,155.74,-81.38,0.0,top
U2,153.52,-92.53,0.0,top
U3,180.6,-66.35,0.0,top
U4,120.6,-66.35,0.0,top
U5,170.6,-66.35,0.0,top
U6,110.6,-66.35,0.0,top
U7,140.6,-66.35,0.0,top
U8,190.6,-66.35,0.0,top
U9,130.6,-66.35,0.0,top
